COD_ART;DESCRIPCION;EAN13
203-E;LAVATORIO A SOPAPA CR VERIN;7798077387065
214-CR;LAVATORIO CR/CR ARES;7798077382503
215-C;"LAVATORIO C/CERAM.CROMO ""MURCIA""";7798077383104
303-E;BIDE A SOPAPA CR VERIN;7798077387072
314-CR;BIDE CROMO ARES;7798077382510
315-C;BIDE CR C.CERAM MURCIA;7798077383111
414-CR;DUCHA EXT.C/TRANSF.CR/CR ARES;7798077382534
423-E;DUCHA EMB. C/TANSF. CR VERIN;7798077387096
434-CR;DUCHA EMB.C/TRANSF CR ARES;7798077382527
435-C;DUCHA EMB.C/TRANSF CR C.CERAM MURCIA;7798077383135
454-CR;DUCHA EXT.S/TRANSF.CR/CR ARES;7798077382558
474-CR;DUCHA EMB.S/TRANF.CRUZ CR/CR ARES;7798077382541
744-CR;JGO.P/LAVARROPA CR/CR ARES;7798077382589
814-CR;MESADA P.FUNDIDO CR/CR ARES;7798077386310
814-CRC;MESADA P.FUNDIDO CR/CR C.CERAM. ARES;7798077386327
835-C;JGO.MDA.P.FUND. CR C.CERAM. MURCIA;7798077383142
910-E;MESADA PICO CANO VERIN;7798077387171
910-M;"JGO.MDA.P.CANO CROMO ""DIQUE""";7798077389106
914-CR;JGO.MDA.P.CAÑO CR ARES;7798077382565
915-CR;COCINA MESADA CROMO MEDEA;7798077385344
919-M;JGO.MDA.P.CANO CROMO LAZA;7798077382176
933-E;COCINA PARED EXT. C/EXT. CROMO VERIN;7798077387188
934-CR;J.PARED C/EXT CRUZ CR/CR ARES;7798077389342
943-E;COCINA PARED EMB. CR VERIN;7798077387195
944-CR;JGO COC.PARED EMB.CRUZ CR/CR ARES;7798077382572
984-CR;JGO PARED EXT CR P. FUNDIDO STD ARES;7798160583053
984-CRC;JGO PARED EXT CR P. FUNDIDO CCERAM ARES;7798077388109
50-002;MESADA PICO FUNDIDO RENACER CROMO;7798077380165
60-135;LAVATORIO C.CERAM SANTANDER;7798077380448
70-135;BIDE C.CERAM SANTANDER;7798077380455
455;DUCHA EMB. C/TRANSF. CR/BL MEDEA;7798077380462
456;DUCHA EMB. S/TRANSF. CR/BL MEDEA;7798077380479
70-107;BIDE CR C.CERAM BEDIA;7798077380509
80-107;DUCHA EMB. C/TRANSF. CR C.CERAM BEDIA;7798077380523
51-107;JGO. MESADA CR C.CERAM BEDIA;7798077380561
80-135;DUCHA EMB. C/TRANSF. C.CERAM SANTANDER;7798077380851
62-135;LAVATORIO P/PARED C.CERAM SANTANDER;7798077380868
20-134;MONOCOMANDO COCINA BETIS;7798077381018
60-136;LAVATORIO C.CERAM CR MARBELLA PLUS;7798077381025
70-136;BIDE C.CERAM CR MARBELLA PLUS;7798077381032
80-136;DUCHA EMB. C/TRANSF. CR C.C. MARBELLA PLUS;7798077381049
80-138;DUCHA EMB. C/TRANSF. CR C.CERAM VALENCIA PLUS;7798077381124
20-135;MONOCOMANDO COCINA SANTANDER;7798077381131
60-139;LAVATORIO C.CERAM CR BETIS GM;7798077381148
70-139;BIDE C.CERAM CR BETIS GM;7798077381155
80-139;DUCHA EMB. C/TRANSF. CR C.C. BETIS GM;7798077381247
02-010;VALVULA P/INODORO TEMPORIZADA TECNO;7798077381285
60-138;LAVATORIO C.CERAM CR VALENCIA PLUS;7798077381315
70-138;BIDE C.CERAM CR VALENCIA PLUS;7798077381322
60-018;LAVATORIO CR. STD RODA;7798077381353
214;LAVATORIO CRUZ BL/CR ARES;7798077381407
314;BIDE CRUZ BL/CR ARES;7798077381414
434;DUCHA EMB.C/TRANSF CRUZ BL/CR ARES;7798077381421
474;DUCHA EMB.S/TRANF.CRUZ BL/CR ARES;7798077381438
914;JGO.MDA.P.CAÑO BL/CR ARES;7798077381445
944;JUEGO COC.PARED EMB CRUZ BL/CR ARES;7798077381452
414;DUCHA EXT.C/TRANSF. BL/CR ARES;7798077381469
454;DUCHA EXT.S/TRANSF. BL/CR ARES;7798077381476
934;JGO.PARED PICO U C/EXT CRUZ BL/CR ARES;7798077381483
744;JGO. P/ LAVARROPA ARES;7798077381490
215;"LAVATORIO CROMO ""MURCIA""";7798077381506
315;BIDE CROMO MURCIA;7798077381513
435;DUCHA EMB.C/TRANSF.CR MURCIA;7798077381520
475;DUCHA EMB.S/TRANSF. CR MURCIA;7798077381537
835;JGO.MDA. P.FUNDIDO CR MURCIA;7798077381544
415;DUCHA EXT.C/TRANSF. CR MURCIA;7798077381629
63-130;LAVATORIO MONOC. DE PARED BILBAO;7798077381889
203;"LAVATORIO CROMO ""DIQUE""";7798077382039
743;"JGO.P/ LAVARROPA ""DIQUE""";7798077382046
749;JGO. PARA LAVARROPA LAZA;7798077382053
209;LAVATORIO CROMO LAZA;7798077382114
309;"BIDE CROMO ""LAZA""";7798077382121
409;"DUCHA EXT.C/TRANSF.CR ""LAZA""";7798077382138
429;"DUCHA EMB.C/TRANSF.CR ""LAZA""";7798077382145
459;DUCHA EXT.S/TRANSF.CR LAZA;7798077382152
469;"DUCHA EMB. S/TRANSF.CR ""LAZA""";7798077382169
949;JGO.COC.PARED.EMB. CR LAZA;7798077382183
939;JGO.COCINA C/EXTENSIBLE CR LAZA;7798077382190
63-121;LAVATORIO MONOC. DE PARED MARBELLA;7798077382374
745;JGO.P/LAVARROPA CROMO MURCIA;7798077382954
303;"BIDET CROMO ""DIQUE""";7798077383036
219;LAVATORIO CR C.CERAM BURGOS;7798077383500
319;"BIDE CROMO C.CERAMICO ""BURGOS""";7798077383517
439;DUCHA EMB.C/TRANSF.CR C.CERAM BURGOS;7798077383524
290;LAVATORIO CR C.CERAM PRAGMA;7798077383821
390;BIDE CR C.CERAM PRAGMA;7798077383838
490;DUCHA EMB. C/TRANSF. CR C.CERAM  PRAGMA;7798077383845
790;JGO. MESADA CR C.CERAM PRAGMA;7798077383883
403;DUCHA EXT. C/TRANSF.CR DIQUE;7798077384033
51-190;MESADA BIMANDO C.CERAM BLACK VELVET;7798077384071
423;"DUCHA EMB. C/TRANSF.CR ""DIQUE""";7798077384231
D439;KIT DE DUCHA MANUAL;7798077384392
453;DUCHA EXT. S/TRANSF.CR DIQUE;7798077384538
463;"DUCHA EMB. S/TRANSF.CR ""DIQUE""";7798077384637
62-153;LAVATORIO PARED EMB. C.CERAM CASTILLA;7798077385832
60-010;LAVATORIO BL/CR LORCA;7798077385979
70-010;BIDE BL/CR LORCA;7798077385986
80-010;DUCHA EMB. C/TRANSF. BL/CR LORCA;7798077385993
81-010;DUCHA EMB. S/TRANSF. BL/CR LORCA;7798077386006
601;CANILLA COCINA MESADA CROMO DIQUE;7798077386013
603;CANILLA COC.PARED P.BAJO CROMO DIQUE;7798077386037
605;CANILLA COC.PARED P.ALTO CROMO DIQUE;7798077386051
83-010;DUCHA EXT. C/TRANSF. BL/CR LORCA;7798077386075
40-010;JUEGO LAVARROPAS BL/CR LORCA;7798077386082
51-010;COCINA MESADA BL/CR LORCA;7798077386099
53-010;COCINA PARED EXT. P.ALTO BL/CR LORCA;7798077386105
55-010;COCINA PARED EMB. P.ALTO BL/CR LORCA;7798077386112
56-010;COCINA PARED EMB. P.BAJO BL/CR LORCA;7798077386129
31-010;CANILLA DE PARED P.ALTO BL/CR LORCA;7798077386136
32-010;CANILLA DE PARED P.BAJO BL/CR LORCA;7798077386143
33-010;CANILLA MESADA BL/CR LORCA;7798077386150
90-010;PACK GRIF.BL/CR LORCA (Lavatorio-Bide-Ducha c/t);7798077386167
62-163;LAVATORIO PARED EMB. C.CERAM SENA;7798077386518
60-194;LAVATORIO CR C.CERAM LINEA LARA;7798077386549
70-194;BIDE CR C.CERAM LINEA LARA;7798077386570
80-194;DUCHA EMB. C/TRANSF. CR C.CERAM LARA;7798077386648
1350;"QUEINOX MACHO MOVIL MH 1/2"" x 50";7798077387058
80-190P;DUCHA EMB. C/TRANSF. C.CERAM BLACK VELVET PLUS;7798077387324
81-190P;DUCHA EMB. S/T. C.CERAM BLACK VELVET PLUS;7798077387331
90-057;PACK GRIF.VERIN PLUS (Lavatorio-Bide-Ducha c/t);7798077387485
60-100C;LAVATORIO CR C.CERAM FABRIC;7798077387553
655;"CANILLA MESADA CR/BL ""MEDEA""";7798077387720
60-100G;LAVATORIO GOLD C.CERAM FABRIC;7798077387744
915;"COCINA MESADA CR/BL ""MEDEA""";7798077387751
936;COCINA PARED EXT. P.ALTO CR/BL MEDEA;7798077387768
60-100N;LAVATORIO BLACK C.CERAM FABRIC;7798077387881
62-100C;LAVATORIO DE PARED CR C.CERAM FABRIC;7798077387980
62-100G;LAVATORIO DE PARED GOLD C.CERAM FABRIC;7798077388086
985;JGO PARED EXT CR P.FUNDIDO MURCIA;7798077388116
62-100N;LAVATORIO DE PARED BLACK C.CERAM FABRIC;7798077388246
70-100C;BIDE CR C.CERAM FABRIC;7798077388284
70-100G;BIDE GOLD C.CERAM FABRIC;7798077388369
70-100N;BIDE BLACK C.CERAM FABRIC;7798077388376
80-100C;DUCHA EMB. C/TRANSF. CR C.CERAM FABRIC;7798077388383
80-100G;DUCHA EMB. C/TRANSF. GOLD C.CERAM FABRIC;7798077388390
80-100N;DUCHA EMB. C/TRANSF. BLACK C.CERAM FABRIC;7798077388420
20-100G;MONOCOMANDO DE COCINA FABRIC GOLD;7798077388437
60-198;LAVATORIO CR C.CERAM PURA;7798077388499
70-198;BIDE CR C.CERAM PURA;7798077388505
80-198;DUCHA EMB. C/TRANSF. CR C.CERAM PURA;7798077388512
62-198;LAVATORIO DE PARED CR C.CERAM PURA;7798077388529
60-199;LAVATORIO CR C.CERAM LIVE;7798077388536
70-199;BIDE CR C.CERAM LIVE;7798077388543
80-199;DUCHA EMB. C/TRANSF. CR C.CERAM LIVE;7798077388550
62-199;LAVATORIO DE PARED CR C.CERAM LIVE;7798077388567
60-199B;LAVATORIO WHITE C.CERAM LIVE;7798077388574
62-199B;LAVATORIO DE PARED WHITE C.CERAM LIVE;7798077388581
60-014;LAVATORIO CR MORA STD;7798077388895
70-014;BIDE CR MORA STD;7798077388901
80-014;DUCHA EMB. C/TRANSF. CR MORA STD;7798077388918
70-199B;BIDE WHITE C.CERAM LIVE;7798077389243
933;JGO PARED C/EXT CR DIQUE;7798077389335
60-118;LAVATORIO CR C.CERAM RODA;7798077389427
943;"J.COCINA PARED EMB. CR ""DIQUE""";7798077389434
70-118;BIDE CR C.CERAM RODA;7798077389489
80-199B;DUCHA EMB. C/TRANSF. WHITE C.CERAM LIVE;7798077389502
60-199N;LAVATORIO BLACK C.CERAM LIVE;7798077389519
70-199N;BIDE BLACK C.CERAM LIVE;7798077389526
80-199N;DUCHA EMB. C/TRANSF. BLACK C.CERAM LIVE;7798077389533
62-199N;LAVATORIO DE PARED BLACK C.CERAM LIVE;7798077389540
63-190;LAVATORIO MONOC. DE PARED BLACK VELVET;7798077389557
84-190;DUCHA EXTERIOR CON COLUMNA BLACK VELVET;7798077389564
80-166T;"DUCHA DE EMB. C/TRANSF. C.CERAM ADRA FLOR DE 8""";7798077389601
83-162;DUCHA EXT. C/TRANSF. C.CERAM ADRA;7798077389694
970;MONOCOMANDO COCINA CROMO VERIN;7798077389700
60-203;LAVATORIO MONOCOMANDO BAJO ADRA;7798077389717
80-118;DUCHA EMB. C/TRANSF. CR C.CERAM RODA;7798077389786
62-118;LAVATORIO P/PARED CR C.CERAM RODA;7798077389793
60-002;LAVATORIO RENACER;7798115110013
70-002;BIDE RENACER;7798115110020
80-002;DUCHA EMB C/TRANSF. RENACER;7798115110037
81-002;DUCHA EMB. S/TRANSF. RENACER;7798115110044
83-002;DUCHA EXT C/TRANSF. RENACER;7798115110051
82-002;DUCHA EXT. S/TRANSF. RENACER;7798115110068
51-002;COCINA MESADA RENACER;7798115110082
53-002;COCINA PARED EXT. P.ALTO RENACER;7798115110105
54-002;COCINA PARED EXT. P.BAJO RENACER;7798115110112
55-002;COCINA P/PARED EMB P.ALTO RENACER;7798115110129
56-002;COCINA P/PARED EMB P.BAJO RENACER;7798115110136
31-002;"CANILLA DE PARED PICO ALTO ""RENACER""";7798115110150
32-002;"CANILLA DE PARED PICO BAJO ""RENACER""";7798115110167
33-002;"CANILLA MESADA ""RENACER""";7798115110174
55-001;"COCINA PARED EMBUTIR PICO ALTO ""CROMO Y""";7798115110297
56-001;"COCINA PARED EMBUTIR PICO BAJO ""CROMO Y""";7798115110303
40-002;COCINA P/PARED EMB P/LAVARROPA RENACER;7798115110631
60-003;"LAVATORIO ""ARUBA""";7798115110648
70-003;"BIDE ""ARUBA""";7798115110655
80-003;"DUCHA EMBUTIR C/TRANSF. ""ARUBA""";7798115110662
81-003;"DUCHA EMBUTIR S/TRANSF. ""ARUBA""";7798115110679
83-003;"DUCHA EXTERIOR C/TRANSF. ""ARUBA""";7798115110686
51-003;"COCINA MESADA ""ARUBA""";7798115110693
55-003;"COCINA PARED EMBUTIR PICO ALTO ""ARUBA""";7798115110709
90-003;PACK GRIF.ARUBA (Lavatorio-Bide-Ducha c/transf);7798115110723
20-102;"MONOCOMANDO MESADA CROMO ""RENACER""";7798115110747
31-003;CANILLA DE PARED PICO ALTO ARUBA;7798115111591
32-003;CANILLA DE PARED PICO BAJO  ARUBA;7798115111607
33-003;"CANILLA MESADA ""ARUBA""";7798115111614
70-053;BIDE CR S/SOPAPA MEDEA;7798115112451
80-053;DUCHA EMB. C/T. CR S/CAÑO BAJADA MEDEA;7798115112468
60-055;LAVATORIO CR S/SOPAPA P.CAÑO MEDEA;7798115112505
60-153;LAVATORIO CR C.CERAMICO CASTILLA;7798115112536
70-153;BIDE CR C.CERAM CASTILLA;7798115112543
80-153;DUCHA EMB. C/TRANSF. CR C.CERAM CASTILLA;7798115112550
60-196;LAVATORIO CR C.CERAM LOOP;7798115112574
70-196;BIDE CR C.CERAM LOOP;7798115112581
80-196;DUCHA EMB. C/TRANSF. CR C.CERAM LOOP;7798115112598
84-180;GRIFERIA DE PIE P/BAÑERA EXENTA VERA;7798115112611
62-196;LAVATORIO DE PARED CR C.CERAM LOOP;7798115112628
80-198P;DUCHA DE EMBUTIR C/TRANSF PLUS PURA;7798115112635
90-166;PACK GRIF. ADRA PLUS (Lav-Bide-Ducha c/t Plus);7798115112642
63-152;LAVATORIO PARED EMBUTIR CR MONOC. SORIA;7798115112659
63-192;LAVATORIO PARED EMBUTIR MONOCOMANDO SORIA BLACK;7798115112666
90-059;PACK GRIF.MALBA BL/CR (Lavatorio-Bide-Ducha c/t);7798115112680
90-058;PACK GRIF.MALBA CR (Lavatorio-Bide-Ducha c/t);7798115112697
80-200C;DUCHA EMB. MONOC. 3 FUNCIONES CR FABRIC;7798115112819
80-200G;DUCHA EMB. MONOC. 3 FUNCIONES GOLD FABRIC;7798115112826
80-200N;DUCHA EMB. MONOC. 3 FUNCIONES BLACK FABRIC;7798115112833
61-203;LAVATORIO MONOCOMANDO ALTO ADRA;7798115112840
70-203;BIDE MONOCOMANDO ADRA;7798115112857
80-203;DUCHA EMB C/TRANSF. MONOCOMANDO ADRA;7798115112864
83-203;DUCHA EXT C/TRANSF. MONOCOMANDO ADRA;7798115112871
60-061;LAVATORIO CR C.STD PUEBLA;7798115112888
70-061;BIDE CR C.STD PUEBLA;7798115112895
80-061;DUCHA EMB C/TRANSF CR PUEBLA;7798115112901
60-061N;LAVATORIO NG/CR C.STD PUEBLA;7798115112918
70-061N;BIDE NG/CR C.STD PUEBLA;7798115112925
80-061N;DUCHA EMB C/TRANSF NG/CR PUEBLA;7798115112932
60-061B;LAVATORIO BL/CR C.STD PUEBLA;7798115112949
70-061B;BIDE BL/CR C.STD PUEBLA;7798115112956
80-061B;DUCHA EMB C/TRANSF BL/CR PUEBLA;7798115112963
80-353BV;DUCHA DE EMB 3 FUNCIONES BEAT ANTIQUE BRONZE;7798115112970
60-201BV;LAVATORIO C.CERAM BEAT ANTIQUE BRONZE;7798115112987
60-201NI;LAVATORIO C.CERAM BEAT NICKEL;7798115112994
70-201NI;BIDE CR C.CERAM BEAT NICKEL;7798115113007
70-201BV;BIDE C.CERAM BEAT ANTIQUE BRONZE;7798115113014
80-201NI;DUCHA EMB C/TRANSF C.CERAM BEAT NICKEL;7798115113021
80-201BV;DUCHA EMB C/TRANSF C.CERAM BEAT ANTIQUE BRONZE;7798115113038
80-353NI;DUCHA DE EMB 3 FUNCIONES BEAT NICKEL;7798115113045
85-201NI;DUCHA EMB C/TRANSF Y DUCHADOR C.CERAM BEAT NICKEL;7798115113052
85-201BV;DUCHA EMB C/TRANSF Y DUCHADOR C.CERAM BEAT ANTIQUE BRONZE;7798115113069
62-201NI;LAVATORIO DE PARED C.CERAM BEAT NICKEL;7798115113076
62-201BV;LAVATORIO DE PARED C.CERAM BEAT ANTIQUE BRONZE;7798115113083
60-045;LAVATORIO CR/CR C.STD CRUZ;7798115114462
70-045;BIDE CROMO C.STD CRUZ;7798115114479
80-045;DUCHA EMB.C/TRANSF CR  C.STD CRUZ;7798115114486
80-203P;DUCHA EMB C/TRANSF. MONOCOMANDO ADRA PLUS;7798115114493
90-045;PACK GRIF LAV-BID-DUCHA C/TRANSF CRUZ;7798115114622
LG01C20;MONOCOMANDO COCINA CR LUCERNA;7798115114691
LG01C60;LAVATORIO MONOC CR LUCERNA;7798115114721
LG02C60;LAVATORIO MONOC CR GINEBRA;7798115114738
LG02N60;LAVATORIO MONOC BLACK GINEBRA;7798115114745
LG02C61;LAVATORIO MONOC ALTO CROMO GINEBRA;7798115114752
LG02N61;LAVATORIO MONOC ALTO BLACK GINEBRA;7798115114769
51-061;COCINA MESADA CR C.STD PUEBLA;7798115114776
51-061B;COCINA MESADA BL/CR C.STD PUEBLA;7798115114783
51-061N;COCINA MESADA NG/CR C.STD PUEBLA;7798115114790
LG04C60;LAVATORIO CR C.CERAM DAVOS;7798115115223
LG04C70;BIDE CR C.CERAM DAVOS;7798115115230
LG04C80;DUCHA EMB. C/TRANSF. CR C.CERAM DAVOS;7798115115247
LG03C60;LAVATORIO CR C.STD  BERNA;7798115115254
LG03C70;BIDE CR C.STD BERNA;7798115115261
LG03C80;DUCHA EMB. C/TRANSF. CR C.STD BERNA;7798115115278
LG03N60;LAVATORIO BLACK C.STD BERNA;7798115115292
LG03N70;BIDE BLACK C.STD BERNA;7798115115308
LG03N80;DUCHA C/TRANSF BLACK C.STD BERNA;7798115115315
80-168;DUCHA EMB C/TRANSF MONOC CR WAVE;7798115115384
80-168N;DUCHA EMB C/TRANSF MONOC BLACK WAVE;7798115115391
60-148; LAVATORIO CR C.CERAM LOFT;7798115116053
70-148; BIDE CR C.CERAM LOFT;7798115116060
80-148;DUCHA EMB. C/TRANSF. CR C.CERAM LOFT;7798115116077
80-148P;DUCHA EMB. C/TRANSF. CR C.CERAM LOFT DUCHON CUADRADO;7798115116084
62-148;LAVATORIO DE PARED CR C.CERAM LOFT;7798115116091
90-148P;PACK GRIF LAV-BI-DU C/TRANSF LOFT PLUS;7798115116107
60-162N;LAVATORIO BLACK C.CERAM LINEA ADRA;7798115116114
62-162N;LAVATORIO DE PARED BLACK C.CERAM ADRA;7798115116145
70-162N;BIDE BLACK C.CERAM LINEA ADRA;7798115116152
80-166N;DUCHA EMB. C/TRANSF. BLACK C.CERAM ADRA PLUS;7798115116169
60-149;LAVATORIO CR C.CERAM SAND;7798115116268
70-149;BIDE CR C.CERAM SAND;7798115116275
80-149;DUCHA EMB. C/TRANSF. CR C.CERAM SAND;7798115116282
85-168;DUCHA MONOC C/TRANSF Y DUCHADOR CR WAVE;7798115116329
85-168N;DUCHA MONOC C/TRANSF Y DUCHADOR BLACK WAVE;7798115116336
60-175;LAVATORIO CR. C.CERAM PULSE;7798115116572
60-175DG;LAVATORIO PULSE DARK GOLD C.CERAM;7798115116589
60-175GR;LAVATORIO PULSE GRAFITO C.CERAM;7798115116596
62-175;LAVATORIO DE PARED CR C.CERAM PULSE;7798115116602
62-175DG;LAVATORIO DE PARED PULSE DARK GOLD C.CERAM;7798115116619
62-175GR;LAVATORIO DE PARED PULSE GRAFITO C.CERAM;7798115116626
70-175;BIDE CR. C.CERAM PULSE;7798115116633
70-175DG;BIDE PULSE DARK GOLD C.CERAM;7798115116640
70-175GR;BIDE PULSE GRAFITO C.CERAM;7798115116657
80-175;DUCHA EMB C/TRANSF. CR C.CERAM PULSE;7798115116664
80-175DG;DUCHA EMB C/TRANSF. PULSE DARK GOLD C.CERAM;7798115116671
80-175GR;DUCHA EMB C/TRANSF. PULSE GRAFITO C.CERAM;7798115116688
22-178;MONOCOMANDO DE COCINA P/AGUA FILTRADA VITA BRUSHED;7798115117135
22-178N;MONOCOMANDO DE COCINA P/AGUA FILTRADA VITA BLACK;7798115117142
80-203PL;DUCHA EMB C/TRANSF. MONOCOMANDO ADRA DUCHA CUADRADA;7798115117258
90-166N;PACK GRIF. ADRA BLACK PLUS  (Lav-Bide-Ducha c/t Plus);7798115117364
20-182;MONOCOMANDO DE COCINA MULTIFUNCION CR ZENITH;7798115117395
60-203N;LAVATORIO MONOCOMANDO BAJO ADRA BLACK;7798115117463
61-203N;LAVATORIO MONOCOMANDO ALTO ADRA BLACK;7798115117470
53-057;COCINA PARED EXT. P.ALTO VERIN PLUS;7798115117739
84-203;DUCHA EXT C/COLUMNA Y TRANSF CR ADRA;7798115118200
84-203ST;DUCHA EXT C/COLUMNA CR ADRA;7798115118217
84-280;DUCHA EXT. C/COLUMNA Y TRANSF CR VERA;7798115118224
60-175G;LAVATORIO GOLD C.CERAM PULSE;7798115118330
62-175G;LAVATORIO DE PARED GOLD C.CERAM PULSE;7798115118347
70-175G; BIDE GOLD C.CERAM PULSE;7798115118354
80-175G;DUCHA EMB C/TRANSF. GOLD C.CERAM PULSE;7798115118361
81-100C;DUCHA EMB S/TRANSF CR C.CERAM FABRIC;7798115119269
81-100G;DUCHA EMB S/TRANSF GOLD C.CERAM FABRIC;7798115119276
81-201NI;DUCHA EMB S/TRANSF C.CERAM NICKEL BEAT;7798115119283
60-120;LAVATORIO CR C.CERAM OVIEDO;7798160580168
70-120;BIDE CR C.CERAM OVIEDO;7798160580175
80-120;DUCHA EMB. C/TRANSF. CR C.CERAM OVIEDO;7798160580182
60-013;LAVATORIO CR SEVILLA;7798160580601
70-013;BIDE CR SEVILLA;7798160580618
80-013;DUCHA EMB. C/TRANSF. CR SEVILLA;7798160580625
90-013;PACK GRIF.CR SEVILLA (Lavatorio-Bide-Ducha c/t);7798160580656
60-121;LAVATORIO C.CERAM CR MARBELLA;7798160580663
70-121;BIDE C.CERAM CR MARBELLA;7798160580670
80-121;DUCHA EMB. C/TRANSF. CR C.C. MARBELLA;7798160580687
83-121;DUCHA EXT. C/TRANSF. CR C.CERAM MARBELLA;7798160580694
62-121;LAVATORIO PARED CR C. CERAM  MARBELLA;7798160580700
20-121;COCINA MSDA MONOC.P. REDONDO MARBELLA;7798160580717
30-121;COCINA MSDA MONOC.P. CUADRADO MARBELLA;7798160580724
60-122;LAVATORIO C.CERAM CR VALENCIA;7798160580731
70-122;BIDE C.CERAM CR VALENCIA;7798160580748
80-122;DUCHA EMB.C/TRANSF. C.CERAM CR VALENCIA;7798160580755
83-122;DUCHA EXT. C/TRANSF. C.CERAM CR VALENCIA;7798160580762
62-122;LAVATORIO PARED C.CERAM CR VALENCIA;7798160580786
51-023;COCINA MESADA BL/CR ARES PLUS;7798160580908
53-023;COCINA PARED EXT. P.ALTO BL/CR ARES PLUS;7798160580915
55-023;COCINA PARED EMB. P.ALTO BL/CR ARES PLUS;7798160580939
60-023;LAVATORIO BL/CR ARES PLUS;7798160580946
70-023;BIDE BL/CR ARES PLUS;7798160580953
80-023;DUCHA EMB. C/TRANSF. BL/CR ARES PLUS;7798160580960
81-023;DUCHA EMB. S/TRANSF. BL/CR ARES PLUS;7798160580977
51-024;MESADA P.CAÑO CR SEVILLA PLUS;7798160581127
60-025;LAVATORIO BLANCO BASICA PLUS;7798160581134
70-025;BIDE BLANCO BASICA PLUS;7798160581141
80-025;DUCHA EMB.C/TRANSF.BL BASICA PLUS;7798160581158
90-025;PACK GRIF BL BASICA PLUS (Lavatorio-Bide-Ducha c/t;7798160581165
60-026;LAVATORIO CROMO MURCIA PLUS;7798160581189
70-026;BIDE CROMO MURCIA PLUS;7798160581196
80-026;DUCHA EMB.C/TRANSF. CR MURCIA PLUS;7798160581202
50-026;JGO.MDA.P.FUNDIDO MURCIA PLUS;7798160581219
58-026;JGO. PARED EXT. CR MURCIA PLUS;7798160581226
50-123;MESADA P.FUNDIDO CR C.CERAM ARES PLUS;7798160581318
58-123;JGO. PARED EXT.CR P.FUNDIDO C.CERAM ARES PLUS;7798160581325
60-130;LAVATORIO MONOCOMANDO BAJO BILBAO;7798160581578
61-130;LAVATORIO MONOCOMANDO ALTO BILBAO;7798160581585
60-131;LAVATORIO C.CERAM CR MALLORCA;7798160581837
70-131;BIDE C.CERAM CR MALLORCA;7798160581844
80-131;DUCHA EMB. C/TRANSF. CR C.CERAM MALLORCA;7798160581851
62-131;LAVATORIO PARED CR C.CERAM MALLORCA;7798160581868
60-001N;"LAVATORIO ""CROMO Y""";7798160581875
80-001N;"DUCHA EMB. C/TRANSF. ""CROMO Y""";7798160581882
70-001N;"BIDE ""CROMO Y""";7798160581899
81-001N;"DUCHA EMB. S/TRANSF. ""CROMO Y""";7798160581905
82-001N;"DUCHA EXT. S/TRANSF. ""CROMO Y""";7798160581912
83-001N;"DUCHA EXT. C/TRANSF. ""CROMO Y""";7798160581929
40-001N;"COCINA PARED EMBUTIR P/LAVARROPA ""CROMO Y""";7798160581936
51-001N;"COCINA MESADA ""CROMO Y""";7798160581943
53-001N;"COCINA PARED EXTERIOR PICO ALTO ""CROMO Y""";7798160581950
56-001N;"COCINA PARED EMBUTIR PICO BAJO ""CROMO Y""";7798160581981
31-001N;"CANILLA DE PARED P.ALTO ""CROMO Y""";7798160581998
32-001N;"CANILLA DE PARED P.BAJO ""CROMO Y""";7798160582001
33-001N;"CANILLA MESADA ""CROMO Y""";7798160582018
60-107N;LAVATORIO CR C.CERAM BEDIA;7798160582032
20-131;MONOCOMANDO COCINA MALLORCA;7798160582049
60-132;LAVATORIO CR C.CERAM VIGO;7798160582056
62-132;LAVATORIO PARED CR C.CERAM VIGO;7798160582063
70-132;BIDE CR C.CERAM VIGO;7798160582070
80-132;DUCHA EMB. C/TRANSF.CR C.CERAM VIGO;7798160582087
60-034;LAVATORIO CR BETIS;7798160582940
70-034;BIDE CR BETIS;7798160582957
80-034;DUCHA EMB. C/TRANSF. CR BETIS;7798160582964
83-034;DUCHA EXT. C/TRANSF. CR BETIS;7798160582988
81-122;DUCHA EMB.S/TRANSF. C.CERAM CR VALENCIA;7798160582995
54-130;MONOCOMANDO COCINA PARED EXT BILBAO;7798160583039
60-140;LAVATORIO CR C.CERAM IGUAZU;7798160583060
20-160;MONOCOMANDO MESADA COCINA DIQUE;7798160583107
60-150;LAVATORIO CR C.CERAM TOLEDO;7798160583145
70-150;BIDE CR C.CERAM TOLEDO;7798160583152
80-150;DUCHA EMB. C/TRANSF. CR C.CERAM TOLEDO;7798160583169
62-150;LAVATORIO PARED CR C.CERAM TOLEDO;7798160583176
60-042;LAVATORIO DIQUE GM;7798160583183
70-042;BIDE DIQUE GM;7798160583190
80-042;DUCHA EMB. C/TRANSF. DIQUE GM;7798160583206
60-151;LAVATORIO CR C.CERAM CROWN;7798160583213
70-151;BIDE CR C.CERAM CROWN;7798160583220
80-151;DUCHA EMB. C/TRANSF. CR C.CERAM CROWN;7798160583237
60-035;LAVATORIO CIERRE STD SANTANDER;7798160583640
80-134;DUCHA EMB. C/TRANSF. CR C.CERAM BETIS;7798160583756
70-134;BIDE CR C.CERAM BETIS;7798160583763
60-134;LAVATORIO CR C.CERAM BETIS;7798160583770
70-152;BIDE MONOCOMANDO CR C/TRANSFERENCIA SORIA;7798160583848
80-152;DUCHA EMB. CR C/TRANSF. MONOCOMANDO SORIA;7798160583855
51-042;MESADA P.CAÑO DIQUE GM;7798160583954
60-154;LAVATORIO CR C.CERAM LINEA TERUEL;7798160584012
70-154;BIDE CR C.CERAM LINEA TERUEL;7798160584029
80-154;DUCHA EMB. C/TRANSF. CR C.CERAM TERUEL;7798160584036
90-055;PACK GRIF. CR MEDEA P.CAÑO S/SOPAPA;7798160584043
20-170;COCINA MESADA MONOC. COLORS AZUL;7798160584050
60-057;LAVATORIO C.STD VERIN PLUS;7798160584098
70-057;BIDE C.STD VERIN PLUS;7798160584104
80-057;DUCHA EMB. C/TRANSF. C.STD VERIN PLUS;7798160584111
81-057;DUCHA EMB. S/TRANSF. C.STD VERIN PLUS;7798160584128
51-057;COCINA MESADA CR C.STD VERIN PLUS;7798160584135
60-058;LAVATORIO CR C.STD MALBA;7798160584142
70-058;BIDE CR C.STD MALBA;7798160584159
80-058;DUCHA EMB. C/TRANSF. CR C.STD MALBA;7798160584166
81-058;DUCHA EMB. S/TRANSF. CR STD MALBA;7798160584173
51-058;COCINA MESADA CR C.STD MALBA;7798160584180
60-059;LAVATORIO BL/CR C.STD MALBA;7798160584197
70-059;BIDE BL/CR C.STD MALBA;7798160584203
80-059;DUCHA EMB. C/TRANSF.BL/CR C.STD MALBA;7798160584210
81-059;DUCHA EMB. S/TRANSF. BL/CR C.STD MALBA;7798160584227
51-059;COCINA MESADA BL/CR C.STD MALBA;7798160584234
61-180;LAVATORIO MONOCOMANDO ALTO VERA;7798160584241
80-180;DUCHA EMB. C/TRANSF. MONOCOMANDO VERA;7798160584289
81-180;DUCHA EMB. S/TRANSF. MONOCOMANDO VERA;7798160584296
60-161;LAVATORIO CR C.CERAM LAGO;7798160584302
70-161;BIDE CR C.CERAM LAGO;7798160584319
80-161;DUCHA EMB. C/TRANSF. CR C.CERAM LAGO;7798160584326
81-161;DUCHA EMB. S/TRANSF. CR C.CERAM LAGO;7798160584333
62-161;LAVATORIO DE PARED EMB. CR C.CERAM LAGO;7798160584340
60-162;LAVATORIO CR C.CERAM LINEA ADRA;7798160584357
70-162;BIDE CR C.CERAM LINEA ADRA;7798160584364
80-162;DUCHA EMB. C/TRANSF. CR C.CERAM ADRA;7798160584371
81-162;DUCHA EMB. S/TRANSF. CR C.CERAM ADRA;7798160584388
62-162;LAVATORIO DE PARED CR C.CERAM ADRA;7798160584395
80-166;DUCHA EMB. C/TRANSF. CR C.CERAM ADRA PLUS;7798160584418
81-166;DUCHA EMB. S/TRANSF. CR C.CERAM ADRA PLUS;7798160584425
83-058;DUCHA EXT. C/TRANSF. CR C.STD MALBA;7798160584449
60-163;LAVATORIO CR C.CERAM SENA;7798160584487
70-163;BIDE CR C.CERAM SENA;7798160584494
80-163;DUCHA EMB. C/TRANSF. CR C.CERAM SENA;7798160584500
83-057;DUCHA EXT. C/TRANSF. C.STD VERIN PLUS;7798160584586
83-059;DUCHA EXT. C/TRANSF. BL/CR C.STD MALBA;7798160584593
81-153;DUCHA EMB. S/TRANSF. C.CERAM CASTILLA;7798160584630
81-131;DUCHA EMB. S/TRANSF. C.CERAM MALLORCA;7798160584647
83-131;DUCHA EXT. C/TRANSF. C.CERAM CR MALLORCA;7798160584654
81-121;DUCHA EMB. S/TRANSF.CR C.C. MARBELLA;7798160584661
81-136;DUCHA EMB. S/TRANSF. CR C.CERAM MARBELLA PLUS;7798160584678
81-135;DUCHA EMB. S/TRANSF. C.CERAM SANTANDER;7798160584685
81-150;DUCHA EMB. S/TRANSF. C.CERAM TOLEDO;7798160584692
81-138;DUCHA EMB. S/TRANSF. C.CERAM VALENCIA PLUS;7798160584708
60-190;LAVATORIO C.CERAM BLACK VELVET;7798160584715
62-190;LAVATORIO PARED EMB. C.CERAM BLACK VELVET;7798160584722
70-190;BIDE C.CERAM BLACK VELVET;7798160584739
80-190;DUCHA EMB. C/TRANSF. C.CERAM BLACK VELVET;7798160584746
80-352;DUCHA DE EMBUTIR 3 FUNCIONES SORIA;7798160584845
60-191;LAVATORIO C.CERAM LINEA PRADO;7798160584852
70-191;BIDE C.CERAM LINEA PRADO;7798160584869
80-191;DUCHA EMB. C/TRANSF. C.CERAM PRADO;7798160584876
62-191;LAVATORIO PARED EMB. C.CERAM PRADO;7798160584883
20-190;COCINA MESADA MONOC BLACK VELVET;7798160584890
60-064;LAVATORIO CR/CR C.STD FRAGA;7798160584951
70-064;BIDE CROMO C.STD FRAGA;7798160584968
80-064;DUCHA EMB.C/TRANSF CR  C.STD FRAGA;7798160584975
20-162;MONOCOMANDO COCINA ADRA;7798160585057
61-192;LAVATORIO ALTO SORIA BLACK;7798160585095
80-192;DUCHA EMB. C/TRANSF. SORIA BLACK;7798160585118
51-122;MESADA BIMANDO CR C.CERAM VALENCIA;7798160585255
51-131;MESADA BIMANDO CR C.CERAM MALLORCA;7798160585262
20-135B;MONOCOMANDO COCINA MESADA SANTANDER WHITE;7798160585279
80-194P;DUCHA EMB. C/TRANSF. CR C.CERAM LARA PLUS;7798160585293
83-024;DUCHA EXT. C/TRANSF. CR SEVILLA PLUS;7798160585309
40-024;JGO. P/LAVARROPA CR SEVILLA PLUS;7798160585316
60-042P;LAVATORIO DIQUE GM PLUS;7798160585606
70-042P;BIDE DIQUE GM PLUS;7798160585613
80-042P;DUCHA EMB. C/TRANSF. DIQUE GM PLUS;7798160585620
81-100N;DUCHA EMB. S/TRANSF. BLACK C.CERAM FABRIC;7798160585675
85-190;DUCHA EMB C/TRANSF Y DUCHADOR CR C.CERAM BLACK VELVET;7798160585750
80-390;DUCHA DE EMB 3 FUNCIONES BLACK VELVET;7798160585767
85-153;DUCHA EMB C/TRANSF Y DUCHADOR CR C.CERAM CASTILLA;7798160585774
80-329;DUCHA DE EMB 3 FUNCIONES CASTILLA;7798160585781
80-151P;DUCHA EMB. C/TRANSF. CR C.CERAM CROWN PLUS;7798160585866
